start,end,sequence,rank
aster,adder,aster after alter alder adder,0.2002102312543798
world,mould,world would wound mound mould,0.14716187806587247
sears,tears,sears dears years rears tears,0.06892081289418361
pearl,wears,pearl pears years gears wears,0.06730903994393836
light,night,light might eight fight night,0.054029432375613175
right,might,right light night sight might,0.04660126138752628
fight,bight,fight might light night bight,0.04583041345480028
mound,pound,mound found round bound pound,0.04365802382620883
might,tight,might eight bight night tight,0.041030133146461104
grime,prick,grime prime prize price prick,0.039908899789768755
trims,chime,trims prims prime crime chime,0.038121934127540294
prism,prime,prism prise price pride prime,0.036720392431674846
woken,roman,woken woven women woman roman,0.03528381219341277
pride,prims,pride prime prima primo prims,0.034898388227049756
prima,posse,prima prime prise poise posse,0.0333917309039944
which,wrist,which whish whist waist wrist,0.033006306937631395
droop,thump,droop troop tromp trump thump,0.03283111422564822
grand,bruin,grand brand braid brain bruin,0.03251576734407849
crumb,thump,crumb crump grump trump thump,0.03234057463209531
moult,bound,moult mould would wound bound,0.031955150665732304
sound,pound,sound bound wound found pound,0.029607568325157672
titre,lathe,titre title tithe lithe lathe,0.029572529782761037
purty,marry,purty party parry harry marry,0.026664330763840227
singe,winch,singe since mince wince winch,0.026313945339873863
bilge,since,bilge binge tinge singe since,0.026313945339873863
lurch,match,lurch larch parch march match,0.025157673440784865
theme,whore,theme these those whose whore,0.025087596355991587
pease,plant,pease peace place plane plant,0.024456902592852138
mouth,couch,mouth south youth couth couch,0.02421163279607569
major,liner,major manor minor miner liner,0.023966362999299228
youth,cough,youth south couth couch cough,0.023791170287316053
loose,douse,loose louse souse house douse,0.023160476524176597
depth,heats,depth death neath heath heats,0.022144358794674142
cinch,reach,cinch conch coach roach reach,0.021934127540294324
froth,south,froth broth booth sooth south,0.02168885774351787
spurs,snort,spurs spurt sport short snort,0.020812894183601965
match,batch,match hatch patch catch batch,0.020637701471618784
style,spill,style stile still swill spill,0.020497547302032237
blast,meant,blast beast least leant meant,0.02021723896285915
oases,gamer,oases gases games gamey gamer,0.019761737911702874
gates,vapes,gates gages games gapes vapes,0.019656622284512964
bales,dames,bales kales gales games dames,0.019586545199719693
vapes,gamey,vapes rapes gapes games gamey,0.019586545199719693
round,pound,round bound sound mound pound,0.01923615977575333
semen,never,semen seven sever lever never,0.018885774351786965
palsy,patty,palsy pansy panty party patty,0.018325157673440787
whorl,chose,whorl whore whose those chose,0.018325157673440784
power,lacer,power pawer pater later lacer,0.01818500350385424
cider,udder,cider eider ender under udder,0.018079887876664334
batty,party,batty catty natty patty party,0.01800981079187106
parry,nutty,parry party purty putty nutty,0.017799579537491242
topos,comes,topos topes hopes homes comes,0.017554309740714785
woods,moles,woods words wolds molds moles,0.01671338472319552
black,slick,black flack flick click slick,0.016433076384022423
north,worms,north forth worth worts worms,0.01601261387526279
shoat,snort,shoat shout spout sport snort,0.01590749824807288
conch,poach,conch couch cooch coach poach,0.014646110721793976
draws,terms,draws drams trams teams terms,0.014015416958654523
story,stale,story stogy stagy stage stale,0.013945339873861245
folds,woods,folds foods goods moods woods,0.01384022424667134
worry,woods,worry wormy wordy woody woods,0.013805185704274702
weave,heady,weave leave heave heavy heady,0.013419761737911706
woody,coops,woody woods hoods hoops coops,0.01317449194113525
coeds,woody,coeds colds wolds woods woody,0.013034337771548703
loner,rower,loner lover rover roger rower,0.01299929922915207
heart,hoard,heart heard beard board hoard,0.012894183601962159
abuse,agape,abuse abase abate agate agape,0.012648913805185708
roger,loped,roger roper doper loper loped,0.012368605466012617
tours,yourn,tours hours fours yours yourn,0.01233356692361598
crowd,brown,crowd crown crows brows brown,0.012263489838822705
fours,hours,fours pours sours tours hours,0.012123335669236162
event,amens,event evens ovens omens amens,0.011807988787666434
honor,copes,honor honer hoper hopes copes,0.011667834618079888
fever,levee,fever sever never lever levee,0.01117729502452698
tacts,gates,tacts facts faces fates gates,0.011107217939733707
storm,shoat,storm store shore short shoat,0.011107217939733707
belch,leach,belch bench beach reach leach,0.011072179397337071
teams,prats,teams trams crams prams prats,0.011037140854940435
soils,hours,soils souls soups sours hours,0.0110021023125438
hours,gouts,hours pours pouts louts gouts,0.010967063770147164
stage,share,stage stare sware snare share,0.010861948142957253
sober,poler,sober sower power poser poler,0.010756832515767346
slang,elans,slang slant plant plans elans,0.010721793973370709
lites,fines,lites lives limes lines fines,0.010686755430974072
crink,chins,crink chink china chino chins,0.010546601261387529
flown,crowd,flown blown clown crown crowd,0.010476524176594254
dread,trill,dread tread triad trial trill,0.0102312543798178
tweed,trial,tweed treed tread triad trial,0.01005606166783462
zones,poses,zones hones hopes popes poses,0.009810791871058166
begun,beret,begun began begat beget beret,0.009705676243868255
crush,brush,crush crash trash brash brush,0.009670637701471618
harry,berry,harry marry merry ferry berry,0.009530483531885073
whams,chaps,whams whats thats chats chaps,0.009495444989488438
yeast,coast,yeast beast blast boast coast,0.009285213735108619
clubs,glued,clubs clues clued blued glued,0.009285213735108619
flubs,slued,flubs clubs clues clued slued,0.009215136650315345
clues,flaps,clues clubs flubs flabs flaps,0.009215136650315345
holed,hones,holed holes hoses hopes hones,0.009145059565522074
truce,crick,truce truck track crack crick,0.009074982480728803
brack,trunk,brack track trick truck trunk,0.009039943938332167
plane,elite,plane plate slate elate elite,0.009039943938332165
coast,bleat,coast boast blast blest bleat,0.00900490539593553
holer,hopes,holer holey holes hones hopes,0.008934828311142257
turdy,marry,turdy tardy tarry harry marry,0.008864751226348984
vocab,fecal,vocab vocal local focal fecal,0.008829712683952346
krone,chose,krone crone clone close chose,0.00879467414155571
chino,tying,chino chink think thing tying,0.008759635599159075
frond,fresh,frond front frost frosh fresh,0.008724597056762439
coney,holes,coney money honey holey holes,0.008689558514365803
grown,crows,grown frown brown crown crows,0.008654519971969166
gleam,clear,gleam glean clean cleat clear,0.00861948142957253
gyved,giver,gyved gyves gives given giver,0.00861948142957253
cleat,bleat,cleat clean clear blear bleat,0.00861948142957253
asked,enter,asked asker aster ester enter,0.008549404344779257
skill,chili,skill shill chill child chili,0.008444288717589347
johns,print,johns joins joint point print,0.008374211632796075
spend,shell,spend spent spelt spell shell,0.008304134548002804
taken,eater,taken oaken oaten eaten eater,0.008234057463209531
copes,cases,copes coper caper capes cases,0.008234057463209531
caves,casas,caves eaves eases cases casas,0.008199018920812894
train,draws,train brain drain drawn draws,0.008199018920812894
sired,files,sired fired filed filet files,0.008093903293622987
bigot,began,bigot begot beget begat began,0.008093903293622985
react,leech,react reach teach leach leech,0.00805886475122635
began,buret,began begat beget beret buret,0.00805886475122635
stubs,stars,stubs stabs stays stats stars,0.007988787666433076
money,homed,money honey honed hosed homed,0.007918710581639805
laver,deter,laver later eater dater deter,0.007918710581639805
mafia,magna,mafia maria mania manna magna,0.007883672039243169
joint,prick,joint point print prink prick,0.007883672039243169
croon,frown,croon crown drown brown frown,0.007883672039243167
limes,tines,limes rimes dimes times tines,0.007848633496846532
whooo,whole,whooo whoso whose whore whole,0.00784863349684653
later,laxer,later laker lager laser laxer,0.00777855641205326
talks,lacks,talks tanks tacks backs lacks,0.0077785564120532585
brink,prize,brink prink prick price prize,0.00767344078486335
briny,wrong,briny bring wring wrung wrong,0.00767344078486335
scope,spent,scope scone scene scent spent,0.007638402242466713
latex,biter,latex later liter titer biter,0.007498248072880169
eater,laker,eater later lager laxer laker,0.007498248072880169
cater,later,cater tater rater pater later,0.007498248072880169
cooch,reach,cooch pooch poach peach reach,0.007463209530483532
ended,antis,ended anded anted antes antis,0.007393132445690259
verbs,herds,verbs herbs heres heros herds,0.0072880168185003496
bombs,comer,bombs combs comes comet comer,0.0071829011913104425
balky,calks,balky talky talks walks calks,0.007182901191310441
mirth,fifth,mirth birth firth filth fifth,0.007147862648913805
farce,torts,farce force forte torte torts,0.007077785564120533
comes,bombs,comes combs tombs wombs bombs,0.007042747021723897
probe,shove,probe prone phone shone shove,0.0070077084793272616
supes,doter,supes super duper doper doter,0.0068675543097407145
bloke,grace,bloke broke brake brace grace,0.006797477224947443
apses,asked,apses asses asset assed asked,0.006762438682550806
march,batch,march larch parch patch batch,0.006552207428170987
prams,tress,prams prays preys press tress,0.006482130343377716
wonks,waits,wonks wonts wants watts waits,0.006482130343377716
hoses,comes,hoses loses lodes codes comes,0.006482130343377715
order,aided,order older alder aider aided,0.006412053258584444
goals,roans,goals goads loads loans roans,0.006377014716187806
spiny,spare,spiny spicy spacy space spare,0.006377014716187806
wiles,wales,wiles biles bales kales wales,0.006377014716187806
champ,clash,champ clamp clasp class clash,0.006341976173791171
butch,lunch,butch dutch hutch hunch lunch,0.006306937631394534
raker,dated,raker waker water dater dated,0.006271899088997897
heave,leads,heave heavy heady heads leads,0.006201822004204626
haler,mater,haler hater tater water mater,0.0062018220042046246
wants,wakes,wants warts warps wares wakes,0.006131744919411352
lento,wants,lento cento canto cants wants,0.006131744919411352
fined,wires,fined fired sired wired wires,0.006131744919411352
bract,wrack,bract tract trace track wrack,0.006131744919411352
spent,skill,spent spelt spell spill skill,0.006131744919411352
trail,trait,trail grail grain train trait,0.006096706377014716
petal,modal,petal fetal metal medal modal,0.00606166783461808
moved,bower,moved mowed lowed lower bower,0.00606166783461808
tanks,calls,tanks tasks casks calks calls,0.0060266292922214445
botch,aitch,botch butch dutch ditch aitch,0.006026629292221444
aitch,hutch,aitch hitch ditch dutch hutch,0.006026629292221444
ceder,coxes,ceder cedes codes comes coxes,0.006026629292221444
nodal,petal,nodal modal medal metal petal,0.005921513665031535
wades,facts,wades fades fares farts facts,0.005921513665031535
paces,fasts,paces pacts tacts facts fasts,0.005921513665031535
wales,bales,wales walls falls balls bales,0.005886475122634899
sales,balls,sales wales bales balms balls,0.005851436580238263
stuck,shook,stuck snuck shuck shock shook,0.005851436580238263
spiff,scuff,spiff stiff staff stuff scuff,0.005851436580238262
staff,spiff,staff stuff stiff skiff spiff,0.005851436580238262
freed,creep,freed greed greek creek creep,0.005816398037841627
dutch,hitch,dutch butch hutch hatch hitch,0.0057813594954449895
coils,palls,coils ceils cells calls palls,0.005746320953048354
races,dates,races rakes rates hates dates,0.005746320953048353
crams,clash,crams craps claps class clash,0.005711282410651717
break,creek,break bream cream creak creek,0.005676243868255081
roomy,hooks,roomy rooms looms looks hooks,0.005676243868255081
dhows,shops,dhows shows chows chops shops,0.005606166783461808
cream,tread,cream creak break bread tread,0.005606166783461808
wears,bears,wears dears fears gears bears,0.005571128241065173
charm,whats,charm chars chaos chats whats,0.0055010511562719
natch,hatch,natch watch catch patch hatch,0.005466012613875264
corps,locks,corps coops cooks looks locks,0.005466012613875263
scoot,shock,scoot snoot shoot shook shock,0.005430974071478627
groan,brain,groan grown brown brawn brain,0.005395935529081991
drear,breed,drear dream dread bread breed,0.00539593552908199
largo,munge,largo large marge mange munge,0.005360896986685354
pedal,molas,pedal medal modal molal molas,0.005360896986685354
hosts,lotta,hosts costs costa cotta lotta,0.005325858444288718
calla,mauls,calla calls cauls hauls mauls,0.005325858444288718
shews,seems,shews stews steps stems seems,0.005290819901892082
smack,stork,smack shack shock stock stork,0.005290819901892082
chomp,crime,chomp champ chimp chime crime,0.0052908199018920805
words,perks,words works forks porks perks,0.005255781359495446
firms,piled,firms fires files filed piled,0.00522074281709881
wiled,fired,wiled wired aired mired fired,0.005220742817098809
wonts,dorks,wonts worts words works dorks,0.005185704274702173
guile,built,guile guilt guild build built,0.005150665732305537
tribe,bring,tribe bribe bride brine bring,0.005150665732305536
clown,grows,clown blown brown grown grows,0.005150665732305536
dryad,bream,dryad dread drear dream bream,0.005010511562718991
geeks,seeps,geeks seeks seems seeds seeps,0.005010511562718991
gooks,cools,gooks looks nooks cooks cools,0.005010511562718991
phony,scope,phony phone shone scone scope,0.004975473020322355
stain,trait,stain swain twain train trait,0.004975473020322354
triad,freer,triad tried fried freed freer,0.004870357393132446
looks,goony,looks nooks gooks goons goony,0.0048703573931324455
creed,greet,creed treed greed green greet,0.004835318850735811
trade,craze,trade trace grace graze craze,0.004800280308339173
goers,books,goers doers doors boors books,0.004800280308339173
rally,bails,rally dally bally balls bails,0.004800280308339172
derby,heads,derby herby herbs herds heads,0.004765241765942538
staid,train,staid stain swain twain train,0.004765241765942537
chime,crept,chime crime creme crepe crept,0.0047302032235459
award,scare,award aware sware spare scare,0.004625087596355992
level,sever,level levee lever fever sever,0.0046250875963559914
homes,molls,homes holes roles moles molls,0.004590049053959357
tried,tries,tried trued truer trues tries,0.004590049053959355
rawly,balds,rawly rally bally baldy balds,0.004555010511562719
flout,blood,flout flour floor flood blood,0.004555010511562719
yules,gulls,yules mules rules gules gulls,0.004555010511562719
knock,shock,knock knack snack shack shock,0.004555010511562719
rules,gulls,rules yules gules gulfs gulls,0.004555010511562719
wordy,cards,wordy words lords lards cards,0.004555010511562719
caner,wales,caner canes manes males wales,0.0045199719691660836
casts,porks,casts pasts parts ports porks,0.004379817799579538
levee,repel,levee level bevel revel repel,0.004344779257182902
betel,revel,betel bezel bevel level revel,0.004344779257182902
takes,pales,takes tames tales kales pales,0.004309740714786266
dines,males,dines sines mines miles males,0.004309740714786266
treat,tried,treat treap tread triad tried,0.004274702172389629
guide,elate,guide glide elide elite elate,0.004274702172389629
stand,stunt,stand stank stunk stung stunt,0.004274702172389629
sines,lites,sines sides sites mites lites,0.004239663629992992
shape,shaky,shape share shade shady shaky,0.004204625087596357
inner,enter,inner infer inker inter enter,0.004204625087596356
clink,shock,clink click chick chock shock,0.004099509460406448
hying,thing,hying eying vying tying thing,0.004029432375613175
thing,vying,thing tying hying eying vying,0.004029432375613175
sloth,plash,sloth slosh slash clash plash,0.004029432375613175
thong,vying,thong thing tying eying vying,0.004029432375613175
tough,cough,tough touch vouch couch cough,0.003994393833216539
snake,shave,snake shake shame share shave,0.003994393833216539
warns,needs,warns wards nards nerds needs,0.003959355290819902
pares,barns,pares parts pards bards barns,0.003924316748423267
costa,easts,costa costs casts masts easts,0.003924316748423267
lakes,races,lakes lanes laces maces races,0.00388927820602663
lochs,focus,lochs locos locks locus focus,0.00388927820602663
share,spank,share shark shack shank spank,0.00388927820602663
salty,polls,salty sally pally palls polls,0.0038892782060266293
girly,firth,girly girls girts girth firth,0.0038542396636299936
gilds,gills,gilds girds giros girls gills,0.0038542396636299936
girts,gilds,girts girls giros girds gilds,0.0038542396636299936
dives,gives,dives rives river giver gives,0.003819201121233357
proxy,probe,proxy prosy prose prove probe,0.003784162578836721
gibes,riven,gibes gives giver river riven,0.003784162578836721
quick,suite,quick quirk quire quite suite,0.0037491240364400844
lease,perch,lease pease peace peach perch,0.0037491240364400844
files,ailed,files filer filet filed ailed,0.0037140854940434487
cruds,price,cruds crude prude pride price,0.0037140854940434483
peace,parch,peace peach poach porch parch,0.0037140854940434483
dough,rough,dough tough bough cough rough,0.0036790469516468118
dried,plied,dried tried fried pried plied,0.0036790469516468118
bench,lease,bench beach leach leash lease,0.003644008409250175
duels,reels,duels fuels feels heels reels,0.0036089698668535395
loped,wowed,loped loved lowed vowed wowed,0.0036089698668535395
abled,wiled,abled ailed oiled filed wiled,0.0036089698668535395
filed,abled,filed tiled wiled ailed abled,0.0036089698668535395
rived,ailed,rived riled tiled filed ailed,0.0036089698668535395
sized,rides,sized sizer sizes sides rides,0.003608969866853539
truss,tried,truss trues truer trued tried,0.0035739313244569026
zebus,debit,zebus rebus rebut debut debit,0.0035739313244569026
dolor,homer,dolor donor honor honer homer,0.0035388927820602665
seeds,stews,seeds seers seems stems stews,0.0035388927820602665
spivs,speed,spivs spies spied spued speed,0.0035038542396636308
walls,halls,walls wells hells hills halls,0.00350385423966363
prose,crone,prose probe prone drone crone,0.0034688156972669942
suits,quips,suits suite quite quits quips,0.0034337771548703577
purse,barge,purse purge surge sarge barge,0.003398738612473722
flesh,wroth,flesh fresh frosh froth wroth,0.0033987386124737216
sited,sides,sited sized sizer sizes sides,0.0033987386124737216
alone,drone,alone clone crone prone drone,0.003363700070077086
tower,voter,tower toker toter noter voter,0.003363700070077085
goofs,mules,goofs golfs gulfs gules mules,0.003363700070077085
golfs,yules,golfs gulfs gulps gules yules,0.003363700070077085
sixth,salts,sixth sixty silty salty salts,0.0033286615276804494
needs,seeds,needs needy reedy seedy seeds,0.003328661527680449
prone,price,prone prune prude pride price,0.0032936229852838133
wound,mound,wound bound sound pound mound,0.0032936229852838124
trite,troth,trite write wrote wroth troth,0.0032585844428871767
sabre,table,sabre sable cable fable table,0.003258584442887176
cable,sable,cable table gable fable sable,0.003258584442887176
table,sable,table gable fable cable sable,0.003258584442887176
sweat,sleep,sweat swept slept sleet sleep,0.00322354590049054
jakes,bares,jakes makes sakes bakes bares,0.0032235459004905397
snide,elite,snide slide glide elide elite,0.0032235459004905397
laced,waned,laced faced faked waked waned,0.0032235459004905397
fends,rinds,fends funds finds hinds rinds,0.003188507358093903
basal,fatal,basal nasal naval natal fatal,0.0031534688156972675
faced,waked,faced faded laded waded waked,0.0031534688156972675
hairy,dully,hairy dairy daily dally dully,0.0031184302733006314
prude,pause,prude crude cruse cause pause,0.003118430273300631
snarf,aware,snarf swarf sward award aware,0.003083391730903995
polly,dally,polly dolly doily daily dally,0.003083391730903995
godly,daily,godly golly dolly doily daily,0.003083391730903995
movie,bogie,movie moxie doxie dogie bogie,0.0030833917309039944
agony,stone,agony agone alone atone stone,0.0030483531885073583
cross,grown,cross dross gross grows grown,0.0030483531885073583
aired,limen,aired aimed timed limed limen,0.0030133146461107227
rinds,kinds,rinds winds minds binds kinds,0.0030133146461107227
whirs,whits,whirs whims whams whats whits,0.0030133146461107222
taxed,faced,taxed taxer faxer facer faced,0.0029782761037140857
moves,cover,moves mover hover rover cover,0.0029782761037140857
tomes,voter,tomes tones totes votes voter,0.0029432375613174496
feeds,herds,feeds weeds needs nerds herds,0.0029432375613174496
quire,spits,quire quite suite spite spits,0.0029432375613174496
dryly,gaily,dryly drily doily daily gaily,0.0029432375613174496
hives,rover,hives dives rives river rover,0.0029432375613174496
quirt,build,quirt quilt guilt guild build,0.0029432375613174496
shove,alone,shove stove stone atone alone,0.0029081990189208135
puree,cause,puree purse parse pause cause,0.002908199018920813
boozy,bonks,boozy booty booky books bonks,0.002873160476524177
beaks,means,beaks beans jeans weans means,0.0028731604765241765
reeds,nests,reeds needs nerds nerts nests,0.0028731604765241765
situs,biles,situs sites kites bites biles,0.0028731604765241765
bided,liked,bided aided aimed limed liked,0.002838121934127541
sabra,table,sabra sabre sable fable table,0.002838121934127541
beech,beach,beech leech leach peach beach,0.002838121934127541
oring,brung,oring wring wrong wrung brung,0.002838121934127541
shots,shred,shots shoos shoes shoed shred,0.0028381219341275404
hurry,carry,hurry furry burry curry carry,0.0028030833917309047
peaty,means,peaty meaty mealy meany means,0.0028030833917309043
blats,flock,blats blots blocs block flock,0.0028030833917309043
masse,cruse,masse passe pause cause cruse,0.002733006306937631
helps,heeds,helps heaps heals heads heeds,0.0026979677645409955
grope,crone,grope grove drove drone crone,0.0026979677645409955
slams,heads,slams seams beams beads heads,0.0026278906797477233
agone,score,agone atone stone scone score,0.002627890679747723
skeet,sleet,skeet sweet swept slept sleet,0.0025928521373510868
quest,diest,quest guest goest doest diest,0.0025928521373510868
sheet,sleep,sheet sweet sweep steep sleep,0.0025928521373510863
above,amine,above abode abide amide amine,0.002592852137351086
steps,stove,steps stops stoas stoae stove,0.00255781359495445
decry,relay,decry decoy decay delay relay,0.00255781359495445
terry,harpy,terry tarry carry carpy harpy,0.0025227750525578145
curvy,parry,curvy curly curry carry parry,0.0025227750525578145
screw,throb,screw shrew threw throw throb,0.0025227750525578137
sword,shown,sword sworn scorn shorn shown,0.0025227750525578137
eager,ender,eager eater ester enter ender,0.0025227750525578137
keels,yells,keels reels feels fells yells,0.0024877365101611776
paged,rates,paged raged rages rapes rates,0.0024526979677645415
arums,draws,arums drums drugs drags draws,0.0024176594253679053
fines,dives,fines lines tines dines dives,0.0024176594253679053
sewer,lived,sewer sever lever liver lived,0.0024176594253679053
seeks,keeps,seeks seeps jeeps veeps keeps,0.002417659425367905
fatal,decal,fatal fetal feral fecal decal,0.002382620882971269
sects,slate,sects seats spats spate slate,0.002382620882971269
doter,hoper,doter toter tower toper hoper,0.0023826208829712684
riced,fives,riced ricer river rives fives,0.0023826208829712684
winds,tires,winds wines dines tines tires,0.0023475823405746327
lived,niter,lived liven liver liter niter,0.0023475823405746327
spear,slept,spear swear sweat swept slept,0.0023475823405746327
roust,roast,roust roost boost boast roast,0.0023475823405746327
beaut,seats,beaut beaux beaus beats seats,0.002312543798177996
craps,chaos,craps crops chops choos chaos,0.002312543798177996
sowed,mowed,sowed rowed vowed towed mowed,0.002312543798177996
floor,cloud,floor flour flout clout cloud,0.0022775052557813596
jests,teats,jests zests tests tents teats,0.0022775052557813596
biked,bates,biked bikes biles bites bates,0.0022775052557813596
plaza,plate,plaza playa plays plats plate,0.002242466713384724
furry,jerry,furry ferry berry terry jerry,0.0022424667133847235
gloms,glebe,gloms glows globs globe glebe,0.0022074281709880874
tzars,reams,tzars tears sears seams reams,0.002207428170988087
frank,flush,frank flank flask flash flush,0.002207428170988087
chewy,chaos,chewy chews chaws chats chaos,0.002172389628591451
beeps,stets,beeps veeps seeps steps stets,0.0021373510861948147
testy,heals,testy tests teats teals heals,0.0021373510861948147
chaos,whops,chaos chaws chows chops whops,0.0021373510861948147
bucks,lulls,bucks bulks bulbs bulls lulls,0.0021373510861948143
verve,nerds,verve nerve nervy nerdy nerds,0.0021373510861948143
nerds,verve,nerds nerdy nervy nerve verve,0.0021373510861948143
codon,donor,codon colon color dolor donor,0.0021373510861948143
nerve,herds,nerve nervy nerdy nerds herds,0.0021373510861948143
molar,rural,molar molal moral mural rural,0.002102312543798178
vined,lined,vined pined fined dined lined,0.002102312543798178
tarry,happy,tarry tardy hardy harpy happy,0.002102312543798178
hippy,zappy,hippy happy nappy gappy zappy,0.002102312543798178
chasm,tense,chasm chase cease tease tense,0.002102312543798178
moral,auras,moral mural rural aural auras,0.002102312543798178
steep,sheer,steep sleep sweep sheep sheer,0.002102312543798178
soupy,gappy,soupy soppy hoppy happy gappy,0.002102312543798178
viral,divas,viral vital vitas vivas divas,0.002067274001401542
downs,moons,downs gowns towns toons moons,0.002067274001401542
gowns,moons,gowns downs towns toons moons,0.002067274001401542
dowdy,towns,dowdy downy downs gowns towns,0.002067274001401542
favor,paves,favor savor saver paver paves,0.0020672740014015417
squad,squib,squad squaw squat squab squib,0.0020322354590049056
marry,tarps,marry carry carpy carps tarps,0.0019971969166082694
doors,boons,doors dooms zooms booms boons,0.0019971969166082694
decoy,belay,decoy decry decay delay belay,0.001997196916608269
upset,islet,upset unset inset inlet islet,0.0019621583742116333
boobs,doers,boobs boons boors doors doers,0.0019621583742116333
drank,prank,drank frank flank plank prank,0.0019621583742116333
crank,prink,crank frank drank prank prink,0.0019621583742116333
marks,hacks,marks darks harks hanks hacks,0.0019621583742116333
boars,beads,boars boats blats beats beads,0.0019621583742116333
goats,bends,goats boats beats beads bends,0.0019621583742116333
gawks,ranks,gawks hawks hanks tanks ranks,0.001962158374211633
alums,drubs,alums arums drums drugs drubs,0.0019271198318149968
added,antis,added anded anted antes antis,0.0019271198318149968
oozes,doser,oozes dozes dozen dozer doser,0.0019271198318149968
sheen,sweep,sheen sheep steep sleep sweep,0.0019271198318149968
toast,feast,toast boast blast beast feast,0.0018920812894183607
tuxes,lines,tuxes muxes luxes lunes lines,0.0018920812894183605
kelpy,relay,kelpy kelly belly belay relay,0.0018920812894183605
norms,fills,norms forms firms films fills,0.0018920812894183605
grasp,drams,grasp grass grabs grams drams,0.0018920812894183605
crabs,frays,crabs grabs grass grays frays,0.00189208128941836
nixes,mired,nixes nixed fixed mixed mired,0.0018570427470217244
vapid,rarer,vapid rapid raped raper rarer,0.0018570427470217241
shelf,swill,shelf shell spell spill swill,0.0018570427470217241
viler,wiles,viler tiler tiles biles wiles,0.0018570427470217241
masks,salts,masks masts marts malts salts,0.0018570427470217241
edges,eager,edges edged egged egger eager,0.0018570427470217241
wicks,marks,wicks micks mucks murks marks,0.0018570427470217241
swive,sting,swive swipe swine swing sting,0.001822004204625088
solon,dolor,solon holon colon color dolor,0.0018220042046250876
piped,firer,piped pined fined finer firer,0.0017869656622284517
prise,tripe,prise price trice trike tripe,0.0017869656622284517
draft,crust,draft craft cruft cruet crust,0.0017869656622284513
blows,flows,blows blown clown flown flows,0.0017519271198318154
swift,shall,swift shift shaft shalt shall,0.0017519271198318154
edger,eager,edger edged egged egger eager,0.0017519271198318154
tries,trews,tries trees tress treks trews,0.0017168885774351788
trove,gripe,trove prove grove grope gripe,0.0017168885774351788
tarps,terns,tarps turps turfs turns terns,0.0017168885774351788
aside,amino,aside abide amide amine amino,0.0017168885774351788
mules,gulls,mules mulls culls bulls gulls,0.0017168885774351786
hired,mikes,hired hires fires mires mikes,0.001681850035038543
rifer,aides,rifer rider bider aider aides,0.0016818500350385425
flier,shier,flier slier skier spier shier,0.0016818500350385425
stake,shake,stake snake snaky shaky shake,0.0016818500350385425
shear,sleep,shear sheer sheep sweep sleep,0.0016818500350385425
lobby,bombs,lobby bobby booby boobs bombs,0.0016818500350385425
sayer,sawed,sayer sawer saver saved sawed,0.0016818500350385425
gamed,saved,gamed gazed lazed laved saved,0.0016818500350385425
risky,dusks,risky risks rusks tusks dusks,0.0016468114926419066
feast,blest,feast yeast beast blast blest,0.0016468114926419066
coned,cower,coned coney covey cover cower,0.0016468114926419062
kinks,lints,kinks links pinks pints lints,0.0016468114926419062
graft,grist,graft draft drift grift grist,0.0016468114926419062
pinko,links,pinko pinks winks oinks links,0.0016468114926419062
lints,minks,lints links kinks dinks minks,0.0016468114926419062
shell,dwell,shell smell spell swell dwell,0.0016468114926419062
tasty,haste,tasty taste waste baste haste,0.0016468114926419062
lined,liked,lined linen liken likes liked,0.0016468114926419062
punks,bonds,punks funks funds bunds bonds,0.00161177295024527
slept,sweep,slept sleet sheet sweet sweep,0.00161177295024527
meads,beamy,meads heads heady beady beamy,0.00161177295024527
giver,gives,giver diver dives fives gives,0.0015767344078486338
skulk,spell,skulk skull skill spill spell,0.0015767344078486335
tired,tires,tired hired hires vires tires,0.0015416958654519974
prexy,prove,prexy proxy prosy prose prove,0.0015416958654519974
shlep,sleet,shlep sheep sweep sleep sleet,0.0015416958654519974
tying,lying,tying hying eying vying lying,0.0015416958654519974
amigo,aside,amigo amino amine amide aside,0.0015416958654519972
trier,traps,trier tries trios trips traps,0.0015416958654519972
sites,tired,sites sires siren sired tired,0.001541695865451997
scads,seams,scads scats swats seats seams,0.0015066573230553613
plank,frank,plank blank clank flank frank,0.0015066573230553613
sheaf,speak,sheaf shear smear spear speak,0.0015066573230553613
boxer,caret,boxer borer barer carer caret,0.0015066573230553611
foxes,fared,foxes foxed faxed famed fared,0.0015066573230553611
toter,boxer,toter toyer toner boner boxer,0.0015066573230553611
laces,salts,laces lakes sakes sales salts,0.0015066573230553611
fluke,blare,fluke flume flame blame blare,0.0015066573230553611
robed,laved,robed roped loped loved laved,0.0015066573230553611
gripe,prove,gripe grape grope grove prove,0.0015066573230553611
lunch,bench,lunch hunch munch bunch bench,0.001506657323055361
rouge,souse,rouge route rouse douse souse,0.001471618780658725
gravy,graze,gravy grave brave braze graze,0.0014716187806587248
tetra,jerry,tetra terra terry merry jerry,0.0014716187806587248
cover,civet,cover comer comet covet civet,0.0014716187806587248
raids,tails,raids rails hails nails tails,0.0014716187806587248
seize,spiky,seize seine spine spike spiky,0.0014716187806587244
brads,brand,brads brags braes brans brand,0.0014365802382620887
coati,soars,coati coats boats boars soars,0.0014365802382620887
pends,funks,pends lends fends funds funks,0.0014365802382620885
fifes,dives,fifes fives gives jives dives,0.0014365802382620885
fated,lazes,fated famed fames lames lazes,0.0014365802382620885
larch,catch,larch latch batch natch catch,0.0014365802382620882
shaky,spake,shaky shako shake stake spake,0.0014365802382620882
relay,bigly,relay belay belly billy bigly,0.0014365802382620882
raped,pared,raped raved raced paced pared,0.0014365802382620882
auras,mural,auras aurae aural rural mural,0.0014015416958654524
wiped,fires,wiped wired wirer firer fires,0.0014015416958654524
tusky,risks,tusky tusks busks rusks risks,0.0014015416958654524
dorms,corks,dorms dorks forks works corks,0.0014015416958654521
fumed,tared,fumed famed faxed fared tared,0.0014015416958654521
maned,faxed,maned mazed fazed famed faxed,0.0014015416958654521
grows,goods,grows gross groks gooks goods,0.001401541695865452
hound,mound,hound pound wound bound mound,0.001401541695865452
shawl,stake,shawl shall shale shake stake,0.001401541695865452
curdy,curve,curdy curly curry curvy curve,0.001366503153468816
lucky,duces,lucky yucky ducky ducks duces,0.001366503153468816
sandy,hanks,sandy sands rands ranks hanks,0.001366503153468816
duchy,lucky,duchy ducky mucky yucky lucky,0.001366503153468816
eider,defer,eider rider rifer refer defer,0.001366503153468816
crane,grove,crane craze crave grave grove,0.0013665031534688158
disks,husks,disks risks rusks musks husks,0.0013314646110721797
leaps,roads,leaps heaps reaps reads roads,0.0013314646110721797
sleet,sweat,sleet skeet sheet sweet sweat,0.0013314646110721795
mover,dower,mover lover cover cower dower,0.0013314646110721795
mired,limes,mired miked mikes likes limes,0.0013314646110721795
dress,treys,dress tress trees treks treys,0.0013314646110721795
toxin,boric,toxin toxic topic toric boric,0.0013314646110721795
barns,cares,barns darns warns wares cares,0.0012964260686755434
heirs,leads,heirs hears heaps leaps leads,0.0012964260686755434
cokes,camps,cokes cakes cares carps camps,0.0012964260686755434
roans,reals,roans roads roars rears reals,0.0012964260686755434
chess,chews,chess chefs clefs clews chews,0.0012964260686755432
hicks,packs,hicks dicks kicks picks packs,0.0012964260686755432
kings,gongs,kings tings tangs gangs gongs,0.0012964260686755432
voxel,mower,voxel vowel vower lower mower,0.0012964260686755432
fills,fiver,fills files fires fives fiver,0.0012613875262789073
corer,cokes,corer cower cover coves cokes,0.001261387526278907
alert,avers,alert avert overt overs avers,0.001261387526278907
shall,shave,shall shale shade shape shave,0.001261387526278907
curly,burry,curly curvy curry hurry burry,0.001261387526278907
crack,freak,crack wrack wreck wreak freak,0.001261387526278907
glees,freed,glees flees frees freer freed,0.001261387526278907
vises,vital,vises visas vivas vitas vital,0.0012613875262789068
hulls,heeds,hulls hills hells heels heeds,0.0012613875262789068
baric,babes,baric basic basis bases babes,0.0012613875262789068
spike,spark,spike spake spare spars spark,0.0012613875262789068
grant,blunt,grant brant brent brunt blunt,0.0012613875262789068
scalp,snare,scalp scamp scarp scare snare,0.0012613875262789068
mixes,manor,mixes mines miner minor manor,0.0012263489838822707
shale,spade,shale shave shape shade spade,0.0012263489838822707
unify,knots,unify unity units knits knots,0.0012263489838822707
sneak,steed,sneak steak steal steel steed,0.0012263489838822707
frisk,bribe,frisk brisk brink brine bribe,0.0012263489838822707
crews,trees,crews brews trews treks trees,0.0012263489838822707
voids,sands,voids roids raids rands sands,0.0012263489838822707
safer,fewer,safer saver sever fever fewer,0.0012263489838822705
dovey,cores,dovey doves moves coves cores,0.0011913104414856342
choos,cress,choos chows chews chess cress,0.0011913104414856342
etude,guide,etude elude elide glide guide,0.0011913104414856342
chart,shirk,chart chard shard shark shirk,0.0011913104414856342
mopes,modem,mopes moles moves modes modem,0.0011913104414856342
chips,whips,chips chins shins ships whips,0.0011913104414856342
mercy,hurry,mercy merry ferry furry hurry,0.001156271899088998
clock,aleck,clock flock flick fleck aleck,0.001156271899088998
sprog,splat,sprog sprig sprit split splat,0.001156271899088998
aider,bidet,aider rider cider bider bidet,0.001156271899088998
split,sprig,split splat sprat sprit sprig,0.001156271899088998
merry,furry,merry jerry berry ferry furry,0.001156271899088998
rogue,valve,rogue vogue vague value valve,0.001156271899088998
steer,stead,steer steel steal steak stead,0.0011562718990889979
noted,toyer,noted noter voter toter toyer,0.0011562718990889979
fires,dimes,fires fives rives rimes dimes,0.001121233356692362
scars,slams,scars scats slats slays slams,0.0011212333566923618
dears,leaks,dears bears beaks teaks leaks,0.0011212333566923618
spied,skies,spied skied shied shies skies,0.0011212333566923618
couth,rouge,couth cough bough rough rouge,0.0011212333566923618
vouch,cough,vouch touch couch couth cough,0.0011212333566923618
liken,mikes,liken likes kikes bikes mikes,0.0011212333566923618
solid,soles,solid soled holed holes soles,0.0011212333566923618
melts,beans,melts meats feats beats beans,0.0010861948142957254
firma,farts,firma forma forms farms farts,0.0010861948142957254
trios,dried,trios trims tries dries dried,0.0010861948142957254
serge,barge,serge verge merge marge barge,0.0010861948142957254
plasm,flesh,plasm plash slash flash flesh,0.0010861948142957254
slash,flesh,slash slush flush flash flesh,0.0010861948142957254
dummy,mammy,dummy tummy tommy mommy mammy,0.001051156271899089
kelps,jello,kelps kelpy kelly jelly jello,0.001051156271899089
couch,cooch,couch touch pouch pooch cooch,0.001051156271899089
newel,fever,newel newer sewer fewer fever,0.001051156271899089
madly,salty,madly badly sadly sally salty,0.001051156271899089
cries,trims,cries fries tries trios trims,0.001051156271899089
pawer,paper,pawer paver parer pacer paper,0.001051156271899089
jello,hilly,jello hello hells hills hilly,0.001051156271899089
touch,cooch,touch pouch couch conch cooch,0.001051156271899089
boxes,roves,boxes loxes loves toves roves,0.001051156271899089
soaks,bears,soaks soars roars rears bears,0.001051156271899089
mango,range,mango mangy tangy rangy range,0.001051156271899089
tangy,manse,tangy rangy range mange manse,0.001051156271899089
awoke,swore,awoke awake aware sware swore,0.0010511562718990889
paver,macer,paver laver lacer racer macer,0.0010511562718990889
jeans,reams,jeans beans bears beams reams,0.001016117729502453
whack,brace,whack wrack crack brack brace,0.001016117729502453
brent,grant,brent brant brunt grunt grant,0.0010161177295024528
telly,silly,telly belly bully billy silly,0.0010161177295024528
shuck,smack,shuck stuck snuck snack smack,0.0010161177295024528
drake,blare,drake brake braze blaze blare,0.0010161177295024528
looms,joins,looms loams loans loins joins,0.0010161177295024528
longs,gangs,longs tongs songs gongs gangs,0.0010161177295024528
hussy,husky,hussy pussy mussy musky husky,0.0010161177295024528
cheap,sheer,cheap cheep cheek cheer sheer,0.0009810791871058167
pages,raked,pages paces paced raced raked,0.0009810791871058167
magic,tonic,magic manic monic ionic tonic,0.0009810791871058167
flits,slaps,flits slits slims slams slaps,0.0009810791871058167
seamy,flaks,seamy seams slams flams flaks,0.0009810791871058167
elans,slams,elans clans clads clams slams,0.0009810791871058167
cheer,sleet,cheer sheer sheet skeet sleet,0.0009810791871058167
wheel,cheap,wheel wheal wheat cheat cheap,0.0009810791871058167
rarer,mater,rarer rawer racer macer mater,0.0009810791871058165
bombe,comas,bombe bombs wombs combs comas,0.0009810791871058165
hoped,doper,hoped moped doped dopey doper,0.0009810791871058165
forma,dorms,forma forms norms corms dorms,0.0009810791871058165
menus,sites,menus minus sinus sines sites,0.0009810791871058165
gongs,yanks,gongs gangs tangs tanks yanks,0.0009810791871058165
viols,deals,viols vials rials reals deals,0.0009810791871058165
grids,crabs,grids grads grabs drabs crabs,0.0009460406447091802
scudi,slams,scudi scuds scads scams slams,0.0009460406447091802
flaws,flaks,flaws flats flabs flags flaks,0.0009460406447091802
twigs,slams,twigs swigs swims slims slams,0.0009460406447091802
linty,kings,linty lints lings pings kings,0.0009460406447091802
crock,clunk,crock chock chuck chunk clunk,0.0009460406447091802
evens,amens,evens ovens opens omens amens,0.0009460406447091802
glary,braze,glary glare glaze blaze braze,0.0009460406447091802
redip,rapid,redip redid rebid rabid rapid,0.0009460406447091802
razed,razer,razed raked raped raper razer,0.0009460406447091802
gases,fuses,gases oases bases buses fuses,0.0009460406447091802
moray,aurae,moray moral mural aural aurae,0.0009460406447091802
blade,graze,blade blare blaze braze graze,0.0009460406447091802
clang,suing,clang clung cling cuing suing,0.0009460406447091802
tater,bales,tater taxer taxes tales bales,0.0009460406447091802
molts,belts,molts melts meets beets belts,0.00094604064470918
midst,pivot,midst didst didot divot pivot,0.000911002102312544
riled,domes,riled riles roles doles domes,0.0009110021023125438
sworn,adore,sworn scorn acorn adorn adore,0.0009110021023125438
reset,burst,reset beset beret buret burst,0.0009110021023125438
skate,shade,skate spate spake spade shade,0.0009110021023125438
shame,spake,shame shade shake slake spake,0.0009110021023125438
roles,morns,roles soles moles mores morns,0.0009110021023125438
glass,flops,glass gloss floss flogs flops,0.0009110021023125438
filmy,pills,filmy films files piles pills,0.0008759635599159077
quark,quirt,quark quack quick quirk quirt,0.0008759635599159077
felts,hilts,felts fells fills hills hilts,0.0008759635599159077
kerns,beeps,kerns keens keeps deeps beeps,0.0008759635599159077
jeeps,beeps,jeeps seeps keeps deeps beeps,0.0008759635599159077
peens,deeps,peens keens keeps veeps deeps,0.0008759635599159077
sharp,scuff,sharp scarp scarf scurf scuff,0.0008759635599159077
thank,shine,thank thanx thane thine shine,0.0008759635599159075
frigs,flaks,frigs frogs flogs flags flaks,0.0008759635599159075
mrads,grams,mrads brads grads grabs grams,0.0008409250175192713
tasks,handy,tasks tanks hanks hanky handy,0.0008409250175192713
steal,steed,steal steak steam stead steed,0.0008409250175192713
flaks,flops,flaks flats flags flogs flops,0.0008409250175192713
hills,luaus,hills hulls lulls lulus luaus,0.0008409250175192713
gnarl,shake,gnarl snarl snare snake shake,0.0008409250175192713
suave,stone,suave stave stove stoae stone,0.0008409250175192713
whiff,chase,whiff chiff chaff chafe chase,0.0008409250175192713
puked,loses,puked pukes pokes poses loses,0.0008058864751226349
wizen,miser,wizen widen wider wiser miser,0.0008058864751226349
rooky,bocks,rooky rocky cocky cocks bocks,0.0008058864751226349
limby,limos,limby limbo limbs limps limos,0.0008058864751226349
rocky,pinky,rocky cocky pocky picky pinky,0.0008058864751226349
meets,peeks,meets beets beeps peeps peeks,0.0008058864751226349
eases,fused,eases bases buses fuses fused,0.0008058864751226349
wimps,limbo,wimps gimps limps limbs limbo,0.0008058864751226349
melds,beats,melds mends bends bents beats,0.0008058864751226349
bonds,pones,bonds bonks bongs bones pones,0.0008058864751226349
joist,feast,joist hoist heist feist feast,0.0008058864751226349
goads,beats,goads grads brads brats beats,0.0008058864751226349
himbo,limns,himbo bimbo limbo limbs limns,0.0008058864751226349
rocks,rooks,rocks locks cocks cooks rooks,0.0007708479327259987
stray,scrip,stray straw strap scrap scrip,0.0007708479327259987
stied,steal,stied steed stead steam steal,0.0007708479327259986
bobby,hubby,bobby lobby nobby hobby hubby,0.0007708479327259986
zesty,paste,zesty testy tasty taste paste,0.0007708479327259986
goods,hooey,goods goody goony gooey hooey,0.0007708479327259986
brief,drier,brief brier trier crier drier,0.0007708479327259986
haute,pasty,haute haste taste tasty pasty,0.0007708479327259986
spire,spike,spire spine spiny spiky spike,0.0007708479327259985
slews,shops,slews stews stows stops shops,0.0007358093903293624
bravo,craze,bravo brave braze graze craze,0.0007358093903293624
bozos,holes,bozos bolos polos poles holes,0.0007358093903293624
wipes,pyres,wipes pipes popes pores pyres,0.0007358093903293624
goose,mouse,goose loose louse douse mouse,0.0007358093903293624
gaols,malls,gaols galls halls falls malls,0.0007358093903293624
jells,sills,jells sells cells cills sills,0.0007358093903293624
vends,handy,vends sends sands sandy handy,0.0007358093903293624
belie,balls,belie belle belly bells balls,0.0007007708479327262
parka,caret,parka parks pares cares caret,0.0007007708479327262
shrew,spray,shrew strew straw stray spray,0.0007007708479327262
yells,cells,yells hells hello cello cells,0.0007007708479327262
pious,boons,pious pions lions loons boons,0.0007007708479327261
randy,handy,randy candy dandy sandy handy,0.0007007708479327261
lions,noons,lions pions peons neons noons,0.0007007708479327261
furls,nulls,furls fuels fulls lulls nulls,0.0007007708479327261
treks,trees,treks trews tress treys trees,0.0007007708479327261
anole,anise,anole angle ankle anile anise,0.0007007708479327261
shoer,steep,shoer shyer sheer steer steep,0.0007007708479327261
fuels,dirts,fuels duels duets diets dirts,0.0007007708479327261
kicks,bocks,kicks dicks decks becks bocks,0.0007007708479327261
paced,raced,paced paned paved raved raced,0.0007007708479327261
taste,saute,taste baste haste haute saute,0.0007007708479327261
syncs,lurch,syncs synch lynch lunch lurch,0.000700770847932726
booms,forms,booms zooms dooms dorms forms,0.000700770847932726
lifts,wasps,lifts lists wists wisps wasps,0.0006657323055360897
socks,locks,socks rocks jocks mocks locks,0.0006657323055360897
teeth,vents,teeth tenth tents gents vents,0.0006657323055360897
wurst,beret,wurst burst burnt buret beret,0.0006657323055360897
clots,blats,clots coots boots blots blats,0.0006657323055360897
sails,gales,sails wails walls galls gales,0.0006657323055360897
songs,bongs,songs longs gongs tongs bongs,0.0006657323055360897
renew,beret,renew resew reset beset beret,0.0006657323055360897
cheep,smear,cheep cheer sheer shear smear,0.0006657323055360897
troop,troll,troop droop drool droll troll,0.0006306937631394535
cocas,hocks,cocas cocks locks rocks hocks,0.0006306937631394535
trows,dross,trows grows grogs gross dross,0.0006306937631394534
tolls,toots,tolls toils tools toons toots,0.0006306937631394534
leery,beers,leery leers jeers peers beers,0.0006306937631394534
liner,biker,liner linen liken liker biker,0.0006306937631394534
nouns,tolls,nouns noons toons tools tolls,0.0006306937631394534
moire,prise,moire noire noise poise prise,0.0006306937631394533
clave,stave,clave slave shave suave stave,0.0006306937631394533
staph,swash,staph stash slash smash swash,0.0005956552207428172
knelt,kneed,knelt knell kneel knees kneed,0.0005956552207428172
gains,jails,gains gaits baits bails jails,0.0005956552207428171
deist,moist,deist feist heist hoist moist,0.0005956552207428171
frame,slake,frame flame flare flake slake,0.0005956552207428171
lists,casts,lists lusts lasts masts casts,0.0005956552207428171
maids,grits,maids mains gains grins grits,0.0005956552207428171
wraps,tribs,wraps traps trips trios tribs,0.0005956552207428171
baton,carob,baton baron caron carol carob,0.000560616678346181
slush,swath,slush slash smash swash swath,0.000560616678346181
hoofs,moots,hoofs roofs roots soots moots,0.0005606166783461809
locus,paths,locus lotus latus laths paths,0.0005606166783461809
rover,borer,rover rower sower sorer borer,0.0005606166783461809
vaunt,saint,vaunt taunt taint faint saint,0.0005606166783461809
lofty,boots,lofty softy sooty booty boots,0.0005606166783461809
clank,crack,clank clack click crick crack,0.0005606166783461809
shill,skunk,shill skill skull skulk skunk,0.0005606166783461809
roper,cower,roper rover rower dower cower,0.0005606166783461809
skull,twirl,skull skill swill twill twirl,0.0005606166783461809
quads,suits,quads quids quips quits suits,0.0005606166783461809
cones,noses,cones bones hones nones noses,0.0005606166783461808
swell,stilt,swell spell spelt spilt stilt,0.0005606166783461808
sexes,eager,sexes saxes sages sager eager,0.0005606166783461808
spats,spurt,spats spars spurs spurn spurt,0.0005606166783461808
sages,pager,sages sager eager cager pager,0.0005606166783461808
beaus,leaks,beaus beams beaks peaks leaks,0.0005255781359495447
booze,rooms,booze boozy boomy booms rooms,0.0005255781359495446
outen,deter,outen outer muter meter deter,0.0005255781359495446
hirer,hives,hirer hired hiked hived hives,0.0005255781359495446
doles,rails,doles dolls rolls roils rails,0.0005255781359495446
drays,drips,drays trays traps trips drips,0.0005255781359495446
wests,melds,wests welts felts melts melds,0.0005255781359495444
hefty,zests,hefty hefts wefts wests zests,0.0005255781359495444
roofs,roids,roofs rooks rooms roods roids,0.0005255781359495444
sands,cards,sands wands wards nards cards,0.0005255781359495444
topes,fixes,topes tones tines fines fixes,0.0004905395935529083
pouts,soots,pouts routs roots moots soots,0.0004905395935529083
sooty,louts,sooty soots roots routs louts,0.0004905395935529083
hones,rocks,hones honks bonks bocks rocks,0.0004905395935529083
junco,munch,junco bunco bunch punch munch,0.0004905395935529083
sting,shins,sting stint skint skins shins,0.0004905395935529083
ducks,picks,ducks decks pecks pucks picks,0.0004905395935529083
darns,lards,darns darks parks larks lards,0.0004905395935529083
cocks,picks,cocks mocks pocks pucks picks,0.0004905395935529083
darky,pards,darky darks parks paras pards,0.0004905395935529083
kiths,picks,kiths piths pitas picas picks,0.0004905395935529083
chant,chary,chant chart chars chard chary,0.0004905395935529083
boots,booky,boots boons boobs booby booky,0.0004905395935529083
drawl,prawn,drawl trawl brawl brawn prawn,0.0004905395935529082
earls,burgs,earls earns barns burns burgs,0.0004905395935529082
kites,bites,kites kited cited cites bites,0.0004905395935529082
hokey,hilly,hokey honey holey holly hilly,0.0004905395935529082
spiel,spued,spiel spier spies spied spued,0.0004905395935529082
surly,holly,surly sully silly hilly holly,0.0004905395935529082
honed,roses,honed holed hosed hoses roses,0.000455501051156272
crocs,plots,crocs crops clops plops plots,0.000455501051156272
peaky,beaky,peaky peaks leaks beaks beaky,0.000455501051156272
jived,tires,jived hived hives hires tires,0.0004555010511562719
micas,visas,micas picas pitas vitas visas,0.0004555010511562719
slues,glues,slues blues blued glued glues,0.0004555010511562719
smelt,skill,smelt smell swell swill skill,0.0004555010511562719
sward,swarf,sward sword swore sware swarf,0.0004555010511562719
gulfs,palls,gulfs gulls galls falls palls,0.0004555010511562719
carny,cords,carny carpy carps cards cords,0.0004555010511562719
trams,brans,trams trays traps trans brans,0.0004555010511562719
nerdy,seeds,nerdy needy weedy seedy seeds,0.0004555010511562719
robes,muses,robes roses rises ruses muses,0.0004555010511562719
gangs,gongs,gangs hangs tangs tongs gongs,0.0004555010511562719
brood,gloom,brood brook broom groom gloom,0.0004555010511562719
vibes,vivas,vibes vises visas vitas vivas,0.0004555010511562719
acted,antic,acted anted antes antis antic,0.0004555010511562719
dowry,dawns,dowry dowdy downy downs dawns,0.0004555010511562719
faded,noted,faded fated dated doted noted,0.0004555010511562719
carps,nares,carps cards pards nards nares,0.0004555010511562719
cornu,cards,cornu corny corns cords cards,0.0004555010511562719
trans,treys,trans trams traps trays treys,0.0004555010511562719
shine,prink,shine chine chink crink prink,0.0004555010511562719
clips,drops,clips chips chops crops drops,0.0004555010511562719
oaths,gates,oaths raths baths bates gates,0.0004555010511562719
bogus,binds,bogus bonus bonks bonds binds,0.0004555010511562719
wowee,toked,wowee wowed bowed towed toked,0.00042046250875963574
caddy,ruddy,caddy baddy buddy muddy ruddy,0.00042046250875963574
peeps,hells,peeps peeks peels heels hells,0.00042046250875963563
stops,snots,stops stoas stows snows snots,0.00042046250875963563
masts,lists,masts pasts easts lasts lists,0.00042046250875963563
vials,heels,vials veals peals peels heels,0.00042046250875963563
satin,tapis,satin latin lapin lapis tapis,0.00042046250875963563
thane,snack,thane thank shank shack snack,0.00042046250875963563
gwine,twats,gwine twine twins twits twats,0.00042046250875963563
bakes,faked,bakes lakes laker faker faked,0.00042046250875963563
mimer,tires,mimer miler tiler tiles tires,0.00042046250875963563
esses,basis,esses eases oases oasis basis,0.00042046250875963563
tilth,lifts,tilth tilts silts lilts lifts,0.00042046250875963563
ionic,comic,ionic sonic tonic conic comic,0.00042046250875963563
pawky,hanks,pawky gawky gawks hawks hanks,0.00042046250875963563
panty,paves,panty pants pacts paces paves,0.00042046250875963563
chunk,chaps,chunk chink chins chips chaps,0.00042046250875963563
zingy,lifts,zingy zings lings lints lifts,0.00042046250875963563
spina,slime,spina spine spice slice slime,0.00042046250875963563
stump,sours,stump slump slurp slurs sours,0.00042046250875963563
diked,layer,diked liked liker laker layer,0.00042046250875963563
bandy,rinds,bandy sandy sands rands rinds,0.00042046250875963563
thanx,whine,thanx thank thane thine whine,0.00042046250875963563
liest,guest,liest diest doest goest guest,0.00042046250875963563
bully,lolly,bully gully golly holly lolly,0.00042046250875963563
knoll,kneed,knoll knell kneel knees kneed,0.00042046250875963563
spued,flues,spued slued slues clues flues,0.00042046250875963563
dries,trios,dries drips trips trims trios,0.00042046250875963563
tires,hypos,tires tyres tyros typos hypos,0.00042046250875963563
fames,saves,fames dames dates sates saves,0.0003854239663629994
cheek,chert,cheek cheep cheap cheat chert,0.0003854239663629994
stays,suets,stays stags stats stets suets,0.00038542396636299936
pikes,naked,pikes pukes nukes nuked naked,0.00038542396636299936
ferny,runny,ferny fenny funny sunny runny,0.00038542396636299936
runny,funny,runny gunny bunny sunny funny,0.00038542396636299936
paved,paces,paved paver paves pales paces,0.00038542396636299936
gilts,hails,gilts gills galls halls hails,0.00038542396636299936
gloom,brood,gloom groom grook brook brood,0.00038542396636299936
baths,laces,baths bates pates paces laces,0.00038542396636299936
choke,charm,choke chore chord chard charm,0.00038542396636299936
rages,panga,rages pages panes pangs panga,0.00038542396636299936
peaks,melts,peaks peats feats felts melts,0.00038542396636299936
darks,rages,darks dares pares pages rages,0.00038542396636299936
crave,graze,crave crate crane craze graze,0.00038542396636299936
typed,tapes,typed toped topes types tapes,0.00038542396636299936
haled,baser,haled baled baked baker baser,0.00038542396636299936
mousy,goosy,mousy mouse moose goose goosy,0.00038542396636299936
shits,slims,shits suits spits slits slims,0.0003854239663629993
twits,twink,twits twins twine twiny twink,0.0003854239663629993
hawks,disks,hawks harks darks dirks disks,0.0003854239663629993
slyer,spiel,slyer slier spier spies spiel,0.0003854239663629993
cures,cared,cures cores cares carer cared,0.0003503854239663631
paler,banes,paler pales bales bates banes,0.0003503854239663631
deans,loams,deans beans leans loans loams,0.0003503854239663631
salts,waits,salts halts hafts wafts waits,0.0003503854239663631
rafts,warts,rafts wafts waits watts warts,0.0003503854239663631
gouty,bolts,gouty gouts louts bouts bolts,0.0003503854239663631
liked,liter,liked biked biker biter liter,0.0003503854239663631
tides,bites,tides rides rites cites bites,0.0003503854239663631
razes,fames,razes dazes dates dames fames,0.0003503854239663631
joyed,holed,joyed toyed toned honed holed,0.0003503854239663631
cords,fores,cords fords lords lores fores,0.0003503854239663631
cagey,sakes,cagey cages wages sages sakes,0.00035038542396636303
faxed,lakes,faxed waxed waked wakes lakes,0.00035038542396636303
splay,sprig,splay spray sprat sprit sprig,0.00035038542396636303
eared,baker,eared oared bared barer baker,0.00035038542396636303
foray,torte,foray forty forth forte torte,0.00035038542396636303
slits,slots,slits snits spits spots slots,0.00035038542396636303
lacey,fakes,lacey lacer laker lakes fakes,0.00035038542396636303
gruel,creep,gruel cruel creel creek creep,0.00035038542396636303
caste,lasts,caste casts fasts easts lasts,0.00035038542396636303
jokes,nodes,jokes jukes nukes nudes nodes,0.00035038542396636303
biker,wiped,biker piker piper wiper wiped,0.0003153468815697268
palmy,halls,palmy palms pales palls halls,0.0003153468815697268
beset,rived,beset reset revet rivet rived,0.0003153468815697268
resew,buret,resew reset beset beret buret,0.0003153468815697268
pause,mange,pause passe masse manse mange,0.0003153468815697268
molls,jowly,molls molly lolly lowly jowly,0.0003153468815697268
rille,sills,rille rills mills pills sills,0.00031534688156972676
nates,hames,nates sates dates hates hames,0.00031534688156972676
tubes,toned,tubes tuber tuner tuned toned,0.00031534688156972676
corky,norms,corky corny corns corms norms,0.00031534688156972676
acing,awing,acing axing aping aging awing,0.00031534688156972676
flock,aleck,flock flick flack alack aleck,0.00031534688156972676
fairs,rails,fairs pairs pails jails rails,0.00031534688156972676
coops,lordy,coops corps cords cordy lordy,0.00031534688156972676
horsy,corps,horsy horny corny corns corps,0.00031534688156972676
raven,eases,raven haven haves eaves eases,0.00031534688156972676
paren,dares,paren pares pates dates dares,0.00031534688156972676
tents,genet,tents dents gents genes genet,0.00031534688156972676
taels,hails,taels tails fails vails hails,0.0003153468815697267
slant,sears,slant scant scans scars sears,0.0003153468815697267
rails,mills,rails pails mails malls mills,0.0003153468815697267
rated,paved,rated razed raved waved paved,0.0003153468815697267
flick,blank,flick flack flank plank blank,0.0003153468815697267
bands,yarns,bands bards barns darns yarns,0.0002803083391730905
louse,souse,louse mouse youse douse souse,0.0002803083391730905
blebs,pleat,blebs plebs pleas plead pleat,0.0002803083391730905
pleat,flees,pleat plead pleas fleas flees,0.0002803083391730905
sinus,zings,sinus sings tings wings zings,0.0002803083391730905
mutes,babes,mutes mites bites bates babes,0.0002803083391730905
raged,wined,raged waged waked waned wined,0.0002803083391730905
dolly,dolts,dolly lolly lolls dolls dolts,0.0002803083391730905
lowly,lolly,lowly jowly jolly golly lolly,0.0002803083391730905
duals,dolly,duals dials dills dolls dolly,0.0002803083391730905
cuppy,hippy,cuppy puppy poppy hoppy hippy,0.0002803083391730905
hoops,kooks,hoops hooks nooks cooks kooks,0.0002803083391730905
mungs,rings,mungs lungs lings jings rings,0.0002803083391730905
plots,cloys,plots plows plods ploys cloys,0.0002803083391730905
bolts,gilts,bolts volts jolts jilts gilts,0.0002803083391730905
torte,forts,torte torts ports worts forts,0.0002803083391730905
finks,sinus,finks winks wings sings sinus,0.0002803083391730905
glade,flake,glade glare blare flare flake,0.0002803083391730905
reuse,douse,reuse rouse louse mouse douse,0.0002803083391730905
colon,bolos,colon holon solon solos bolos,0.0002803083391730905
weirs,weans,weirs heirs hears wears weans,0.0002803083391730905
macer,lacer,macer maser laser laker lacer,0.0002803083391730905
tided,booed,tided aided bided boded booed,0.00028030833917309044
hairs,dairy,hairs fairs faire fairy dairy,0.00028030833917309044
swine,spiny,swine seine spine spina spiny,0.00028030833917309044
sills,gulps,sills mills mulls gulls gulps,0.00028030833917309044
baled,raved,baled haled hated rated raved,0.00028030833917309044
wives,wires,wives wines wiles wises wires,0.00028030833917309044
fails,maids,fails vails tails mails maids,0.00028030833917309044
funny,nanny,funny finny fanny canny nanny,0.00028030833917309044
pairs,yawls,pairs pails pawls bawls yawls,0.00024526979677645417
coifs,loons,coifs coils coins coons loons,0.00024526979677645417
golds,fords,golds colds folds foods fords,0.00024526979677645417
surfs,fells,surfs serfs selfs sells fells,0.00024526979677645417
toped,loner,toped loped loper loser loner,0.00024526979677645417
bolos,pores,bolos polos polis poles pores,0.00024526979677645417
capos,cares,capos capes canes caves cares,0.00024526979677645417
toyed,rower,toyed towed cowed rowed rower,0.00024526979677645417
sawer,saner,sawer saver safer sayer saner,0.00024526979677645417
funky,gunny,funky funny tunny runny gunny,0.00024526979677645417
dodge,wedge,dodge lodge ledge hedge wedge,0.00024526979677645417
yarns,barns,yarns yards bards barfs barns,0.00024526979677645417
joust,boast,joust roust roast toast boast,0.00024526979677645417
wards,larks,wards nards yards lards larks,0.00024526979677645417
nerts,sells,nerts nerfs serfs selfs sells,0.00024526979677645417
acnes,acned,acnes acres aches ached acned,0.00024526979677645417
sprue,sires,sprue spree siree siren sires,0.00024526979677645417
taunt,gaunt,taunt daunt haunt vaunt gaunt,0.00024526979677645417
swarf,spake,swarf snarf snare snake spake,0.00024526979677645417
palms,backs,palms balms balks basks backs,0.00024526979677645417
coins,conks,coins corns corks cocks conks,0.00024526979677645417
irate,grade,irate orate grate grape grade,0.00024526979677645417
plush,brash,plush slush blush blash brash,0.00024526979677645417
gunky,jenny,gunky gunny funny fenny jenny,0.00024526979677645417
dusky,putty,dusky dusty rusty rutty putty,0.0002452697967764541
tabby,lobby,tabby tubby hubby hobby lobby,0.0002452697967764541
piper,bites,piper piker pikes bikes bites,0.00021023125437981787
elves,caves,elves eaves paves saves caves,0.00021023125437981787
wilds,fills,wilds wills sills kills fills,0.00021023125437981787
cubes,lungs,cubes tubes tunes lunes lungs,0.00021023125437981787
airer,alter,airer aimer aider alder alter,0.00021023125437981782
stoat,scout,stoat stout snout spout scout,0.00021023125437981782
limed,limby,limed limes limos limbs limby,0.00021023125437981782
hobby,gabby,hobby hubby cubby cabby gabby,0.00021023125437981782
fetus,motes,fetus fetes metes mates motes,0.00021023125437981782
canny,bunny,canny fanny funny runny bunny,0.00021023125437981782
vents,dents,vents tents gents rents dents,0.00021023125437981782
jelly,hallo,jelly jello cello hello hallo,0.00021023125437981782
genes,rends,genes genus menus mends rends,0.00021023125437981782
hated,paced,hated hawed yawed pawed paced,0.00021023125437981782
gazed,pates,gazed gazes gales gates pates,0.00021023125437981782
cowls,bells,cowls yowls bowls bolls bells,0.00021023125437981782
flair,grain,flair flail frail grail grain,0.00021023125437981782
yipes,bikes,yipes yikes dikes hikes bikes,0.00021023125437981782
dwarf,sward,dwarf swarf swart swarm sward,0.00021023125437981782
drool,grill,drool droll troll trill grill,0.00021023125437981782
wails,fairs,wails bails vails fails fairs,0.00021023125437981782
cares,mires,cares tares bares mares mires,0.00021023125437981782
limbs,limes,limbs limos limns limps limes,0.00021023125437981782
napes,tyres,napes capes cares tares tyres,0.00021023125437981782
slope,flaps,slope slops slips flips flaps,0.00021023125437981782
hazed,pawed,hazed hated hayed hawed pawed,0.00021023125437981782
colts,corms,colts coots coons corns corms,0.00021023125437981782
limen,limos,limen limey limby limbs limos,0.00021023125437981782
milks,filly,milks silks silky silly filly,0.00021023125437981782
soled,holer,soled poled holed holey holer,0.00021023125437981782
jumps,jumpy,jumps lumps lumpy bumpy jumpy,0.00021023125437981782
nosed,doped,nosed hosed holed doled doped,0.00021023125437981782
spine,snore,spine spice spire spore snore,0.00021023125437981782
fosse,purse,fosse posse passe parse purse,0.00021023125437981782
wimpy,limbs,wimpy wimps pimps limps limbs,0.00021023125437981782
bumps,humps,bumps rumps dumps jumps humps,0.00021023125437981782
moans,forth,moans morns morts forts forth,0.00021023125437981782
merse,ledge,merse merge serge sedge ledge,0.00021023125437981782
cried,bries,cried fried fries dries bries,0.00017519271198318154
roids,wools,roids roods foods fools wools,0.00017519271198318154
bodge,wedge,bodge lodge ledge hedge wedge,0.00017519271198318154
yikes,mites,yikes bikes pikes mikes mites,0.00017519271198318154
lolly,pally,lolly dolly molly polly pally,0.00017519271198318154
packs,locks,packs pocks jocks docks locks,0.00017519271198318154
decor,decal,decor decoy decry decay decal,0.00017519271198318154
flung,flank,flung clung clunk flunk flank,0.00017519271198318152
slugs,plums,slugs slurs slues slums plums,0.00017519271198318152
crops,pimps,crops props poops pomps pimps,0.00017519271198318152
cribs,clips,cribs crits chits chips clips,0.00017519271198318152
plump,cramp,plump slump clump crump cramp,0.00017519271198318152
zeals,seals,zeals weals teals reals seals,0.00017519271198318152
jaded,laves,jaded faded laded laved laves,0.00017519271198318152
clogs,sooth,clogs clots cloth sloth sooth,0.00017519271198318152
warms,balds,warms wards bards bauds balds,0.00017519271198318152
beano,seams,beano beans beads beams seams,0.00017519271198318152
runty,sunny,runty runny bunny punny sunny,0.00017519271198318152
dopey,dupes,dopey doped duped duper dupes,0.00017519271198318152
pawed,faded,pawed jawed jaded laded faded,0.00017519271198318152
ducts,dusky,ducts duets dusts dusty dusky,0.00017519271198318152
waded,eared,waded faded fared oared eared,0.00017519271198318152
thins,spina,thins shins shiny spiny spina,0.00017519271198318152
chard,chaps,chard chart chary chars chaps,0.00017519271198318152
sunny,ninny,sunny bunny gunny ginny ninny,0.00017519271198318152
weans,brunt,weans beans brans brant brunt,0.0001751927119831815
mamma,mania,mamma magma magna manna mania,0.0001751927119831815
badge,podgy,badge bodge dodge dodgy podgy,0.0001751927119831815
twill,frill,twill trill drill grill frill,0.0001751927119831815
blink,clack,blink plink clink click clack,0.0001751927119831815
drily,frill,drily drill krill grill frill,0.0001751927119831815
mange,sarge,mange marge merge serge sarge,0.0001751927119831815
wryly,grill,wryly dryly drily drill grill,0.0001751927119831815
faked,waded,faked raked waked waved waded,0.0001751927119831815
spier,shred,spier spied shied shoed shred,0.0001751927119831815
tends,velds,tends lends fends vends velds,0.0001751927119831815
maxim,tapir,maxim maxis taxis tapis tapir,0.0001751927119831815
sumps,pumps,sumps rumps humps bumps pumps,0.0001751927119831815
layer,laver,layer lamer laxer lacer laver,0.0001751927119831815
spins,spite,spins spivs spits spitz spite,0.0001751927119831815
pimps,humpy,pimps pumps jumps humps humpy,0.0001751927119831815
hauls,bails,hauls hails tails pails bails,0.0001751927119831815
coals,coops,coals cowls cools cooks coops,0.00014015416958654525
frock,alack,frock flock fleck aleck alack,0.00014015416958654525
paves,fames,paves haves hazes fazes fames,0.00014015416958654525
mynas,hilts,mynas minas mints hints hilts,0.00014015416958654525
pulps,pappy,pulps pulpy puppy peppy pappy,0.00014015416958654525
sheds,stews,sheds sleds slews skews stews,0.00014015416958654525
hilts,dirts,hilts hints pints dints dirts,0.00014015416958654525
locks,hocks,locks lochs locus hocus hocks,0.00014015416958654525
unzip,unfix,unzip unhip unhit unfit unfix,0.00014015416958654525
karat,oared,karat carat caret cared oared,0.00014015416958654525
lilts,minas,lilts hilts hints mints minas,0.00014015416958654525
ville,pills,ville rille rills sills pills,0.00014015416958654525
swirl,swell,swirl twirl twill swill swell,0.00014015416958654525
wedgy,hedge,wedgy sedgy sedge wedge hedge,0.00014015416958654525
cooed,boxed,cooed coned honed boned boxed,0.00014015416958654525
jutes,tubed,jutes lutes lubes tubes tubed,0.00014015416958654525
feral,decay,feral fecal decal decaf decay,0.00014015416958654525
duddy,ruddy,duddy diddy middy muddy ruddy,0.00014015416958654525
teals,bends,teals teats tents bents bends,0.00014015416958654525
ruddy,biddy,ruddy muddy middy diddy biddy,0.00014015416958654525
sizes,tided,sizes sizer sized sided tided,0.00014015416958654525
navel,pager,navel naves paves paver pager,0.00014015416958654525
dykes,bikes,dykes tykes tikes yikes bikes,0.00014015416958654525
dulls,jolts,dulls dolls dolts molts jolts,0.00014015416958654525
fleck,smack,fleck flack slack snack smack,0.00014015416958654522
bagel,bales,bagel babel babes banes bales,0.00014015416958654522
hangs,pares,hangs bangs pangs panes pares,0.00014015416958654522
tribs,flies,tribs cribs cries fries flies,0.00014015416958654522
winch,conch,winch finch pinch cinch conch,0.00014015416958654522
zilch,winch,zilch filch finch pinch winch,0.00014015416958654522
nasty,haute,nasty pasty hasty haste haute,0.00014015416958654522
cured,mused,cured lured luted muted mused,0.00014015416958654522
wedge,badge,wedge ledge lodge bodge badge,0.00014015416958654522
ledge,cadge,ledge lodge bodge badge cadge,0.00014015416958654522
bawdy,handy,bawdy baddy bandy randy handy,0.00014015416958654522
lefts,heaps,lefts wefts hefts heats heaps,0.00014015416958654522
vroom,crook,vroom broom groom grook crook,0.0001401541695865452
shako,shade,shako shaky shady shads shade,0.0001401541695865452
peats,melts,peats pests pelts belts melts,0.0001401541695865452
coven,roses,coven covet coves roves roses,0.00010511562718990891
lotto,malts,lotto motto molto molts malts,0.00010511562718990891
garbs,lards,garbs barbs bards pards lards,0.00010511562718990891
inlet,idled,inlet islet isles idles idled,0.00010511562718990891
abash,swats,abash awash swash swath swats,0.00010511562718990891
pocks,hacks,pocks socks jocks hocks hacks,0.00010511562718990891
ruble,nobby,ruble roble noble nobly nobby,0.00010511562718990891
glens,flues,glens glees flees flies flues,0.00010511562718990891
bunts,mists,bunts busts musts mosts mists,0.00010511562718990891
lathe,raths,lathe laths paths oaths raths,0.00010511562718990891
musts,lusts,musts busts ousts gusts lusts,0.00010511562718990891
dandy,tangs,dandy randy rangy tangy tangs,0.00010511562718990891
wrung,bruin,wrung brung brunt bruit bruin,0.00010511562718990891
frill,twill,frill krill drill trill twill,0.00010511562718990891
hails,wails,hails bails pails jails wails,0.00010511562718990891
chits,grind,chits crits grits grins grind,0.00010511562718990891
liens,biers,liens liers viers piers biers,0.00010511562718990891
woozy,corny,woozy woody wordy cordy corny,0.00010511562718990891
bonks,tongs,bonks bonus bongs longs tongs,0.00010511562718990891
login,yogas,login logic yogic yogis yogas,0.00010511562718990891
nodes,cooed,nodes modes codes coded cooed,0.00010511562718990891
valet,balds,valet vales hales bales balds,0.00010511562718990891
pulls,burps,pulls purls hurls burls burps,0.00010511562718990891
myths,mites,myths maths moths motes mites,0.00010511562718990891
laker,tapes,laker laxer taxer taper tapes,0.00010511562718990891
lulus,pulls,lulus lulls culls dulls pulls,0.00010511562718990891
bilks,tucks,bilks silks sicks ticks tucks,0.00010511562718990891
goopy,goose,goopy gooey goody goosy goose,0.00010511562718990891
magna,jammy,magna magma mamma mammy jammy,0.00010511562718990891
carom,canon,carom carob carol caron canon,0.00010511562718990891
ropes,cores,ropes topes copes cokes cores,0.00010511562718990891
busts,gusts,busts ousts musts dusts gusts,0.00010511562718990891
humph,dumpy,humph bumph bumpy lumpy dumpy,0.00010511562718990891
fossa,lousy,fossa bossa bossy lossy lousy,0.00010511562718990891
sours,wools,sours fours fouls fools wools,7.007708479327262e-05
claws,slaps,claws craws craps claps slaps,7.007708479327262e-05
sever,ceded,sever sewer seder ceder ceded,7.007708479327262e-05
coups,soppy,coups soups soupy soapy soppy,7.007708479327262e-05
scrim,stout,scrim scrum strum strut stout,7.007708479327262e-05
rungs,dukes,rungs mungs dungs dunes dukes,7.007708479327262e-05
bowls,sours,bowls fowls fouls fours sours,7.007708479327262e-05
rearm,beaks,rearm rears reams beams beaks,7.007708479327262e-05
rices,dives,rices rimes mimes dimes dives,7.007708479327262e-05
tunes,dungs,tunes runes rungs lungs dungs,7.007708479327262e-05
yurts,bunts,yurts hurts hunts cunts bunts,7.00770847932726e-05
dumps,pimps,dumps mumps lumps pumps pimps,7.00770847932726e-05
lavas,lambs,lavas laves laces lames lambs,7.00770847932726e-05
raper,laver,raper rater pater paver laver,7.00770847932726e-05
yokel,hiked,yokel yokes yikes hikes hiked,7.00770847932726e-05
jibed,fiber,jibed gibed giber jiber fiber,7.00770847932726e-05
gutsy,ratty,gutsy nutsy nutty rutty ratty,7.00770847932726e-05
moped,rowed,moped doped roped roved rowed,7.00770847932726e-05
gnats,bouts,gnats goats gouts touts bouts,7.00770847932726e-05
versa,verve,versa verst verso verse verve,7.00770847932726e-05
laved,waged,laved waved waded waked waged,7.00770847932726e-05
mowed,roved,mowed cowed wowed rowed roved,7.00770847932726e-05
halts,silts,halts hilts lilts jilts silts,7.00770847932726e-05
prick,chock,prick brick crick chick chock,7.00770847932726e-05
coded,toper,coded coked coped toped toper,7.00770847932726e-05
dated,razed,dated dazed gazed lazed razed,7.00770847932726e-05
slung,clang,slung slang sling cling clang,7.00770847932726e-05
burrs,burls,burrs burro burry burly burls,7.00770847932726e-05
curer,boned,curer corer cored bored boned,7.00770847932726e-05
penes,lazes,penes panes janes lanes lazes,7.00770847932726e-05
husky,tusks,husky dusky musky tusky tusks,7.00770847932726e-05
spics,skips,spics spivs spins skins skips,7.00770847932726e-05
siren,stied,siren sired shred shied stied,7.00770847932726e-05
busby,rusty,busby bushy busty lusty rusty,7.00770847932726e-05
boomy,booth,boomy roomy rooty booty booth,7.00770847932726e-05
roast,joist,roast roost roust joust joist,7.00770847932726e-05
tared,bares,tared pared dared dares bares,7.00770847932726e-05
caved,lamer,caved laved laver lager lamer,7.00770847932726e-05
crisp,crams,crisp crimp crump cramp crams,7.00770847932726e-05
mined,rived,mined mimed timed rimed rived,7.00770847932726e-05
pumps,dumps,pumps mumps rumps humps dumps,7.00770847932726e-05
waked,waxed,waked waged waled waved waxed,7.00770847932726e-05
tiros,darts,tiros giros girts dirts darts,7.00770847932726e-05
tines,tikes,tines mines mites mikes tikes,7.00770847932726e-05
plows,flogs,plows flows floes floss flogs,7.00770847932726e-05
taker,fiber,taker faker faxer fixer fiber,7.00770847932726e-05
spits,stats,spits spats scats slats stats,7.00770847932726e-05
gauzy,gorge,gauzy gauze gauge gouge gorge,7.00770847932726e-05
girds,farts,girds girts dirts darts farts,7.00770847932726e-05
wager,lager,wager wader waver laver lager,7.00770847932726e-05
skims,shits,skims skins spins spits shits,7.00770847932726e-05
gusty,lusty,gusty fusty busty rusty lusty,7.00770847932726e-05
poohs,pumps,poohs poops pomps pimps pumps,7.00770847932726e-05
click,plonk,click clink slink plink plonk,7.00770847932726e-05
jetty,runty,jetty petty putty rutty runty,7.00770847932726e-05
butts,hurts,butts bunts punts hunts hurts,7.00770847932726e-05
sewed,cooed,sewed sowed rowed cowed cooed,7.00770847932726e-05
lamer,janes,lamer lames lazes lanes janes,7.00770847932726e-05
wends,gents,wends bends rends rents gents,7.00770847932726e-05
drier,prier,drier dries dried pried prier,7.00770847932726e-05
saucy,shuts,saucy sauce saute shute shuts,3.503854239663631e-05
mimsy,mousy,mimsy missy mussy mossy mousy,3.503854239663631e-05
punky,pints,punky pinky pinko pinto pints,3.503854239663631e-05
bitsy,witty,bitsy bitty ditty nitty witty,3.503854239663631e-05
promo,plods,promo proms prows prods plods,3.503854239663631e-05
polis,solon,polis polos bolos solos solon,3.503854239663631e-05
fares,jakes,fares fates fades jades jakes,3.503854239663631e-05
razor,hayed,razor razer hazer hazed hayed,3.503854239663631e-05
glide,clans,glide glade glads glans clans,3.503854239663631e-05
turds,cubed,turds curds cures cured cubed,3.503854239663631e-05
legos,locus,legos logos locos lochs locus,3.503854239663631e-05
hames,dazes,hames dames lames lazes dazes,3.503854239663631e-05
kilts,bides,kilts tilts tiles tides bides,3.503854239663631e-05
smurf,snark,smurf scurf scarf snarf snark,3.503854239663631e-05
cynic,toric,cynic conic ionic tonic toric,3.503854239663631e-05
carne,halve,carne carte carve calve halve,3.503854239663631e-05
seeps,peeps,seeps deeps weeps veeps peeps,3.503854239663631e-05
gores,codes,gores lores fores cores codes,3.503854239663631e-05
deeps,reedy,deeps weeps weepy weedy reedy,3.503854239663631e-05
luaus,nulls,luaus lupus lulus lulls nulls,3.503854239663631e-05
dials,viola,dials rials vials viols viola,3.503854239663631e-05
dupes,lubes,dupes duces dunes lunes lubes,3.503854239663631e-05
preps,promo,preps props prods proms promo,3.503854239663631e-05
cotes,modes,cotes cones coxes codes modes,3.503854239663631e-05
salve,carve,salve valve halve calve carve,3.503854239663631e-05
coked,cager,coked coned caned caged cager,3.503854239663631e-05
fried,brier,fried frier prier drier brier,3.503854239663631e-05
agape,abase,agape agave agate abate abase,3.503854239663631e-05
cedar,coder,cedar ceder cedes codes coder,3.503854239663631e-05
spans,shays,spans swans sways spays shays,3.503854239663631e-05
besot,buret,besot beset beget beret buret,3.503854239663631e-05
wills,soles,wills sills silos solos soles,3.503854239663631e-05
witty,gutty,witty bitty nitty nutty gutty,3.503854239663631e-05
seder,hexed,seder sewer sewed hewed hexed,3.503854239663631e-05
sluts,drums,sluts slums alums arums drums,3.503854239663631e-05
lanky,junks,lanky hanky hunky hunks junks,3.503854239663631e-05
snare,scarf,snare snarl snark snarf scarf,3.503854239663631e-05
floes,glows,floes aloes sloes slows glows,3.503854239663631e-05
gibed,jibed,gibed giber jiber jibes jibed,3.503854239663631e-05
zowie,doxie,zowie bowie bogie dogie doxie,3.503854239663631e-05
jaunt,taunt,jaunt gaunt daunt vaunt taunt,3.503854239663631e-05
weedy,nerfs,weedy needy nerdy nerds nerfs,3.503854239663631e-05
craws,clank,craws craps claps clans clank,3.503854239663631e-05
capes,cager,capes cages caged cagey cager,3.503854239663631e-05
passe,marge,passe masse manse mange marge,3.503854239663631e-05
lucid,surer,lucid lurid lured lurer surer,3.503854239663631e-05
pipet,yikes,pipet piper piker pikes yikes,3.503854239663631e-05
carte,halve,carte carne carve calve halve,3.503854239663631e-05
chute,sluts,chute shute shuts smuts sluts,3.503854239663631e-05
stuns,snows,stuns stubs snubs snobs snows,3.503854239663631e-05
bongo,jings,bongo bingo dingo jingo jings,3.503854239663631e-05
blabs,blest,blabs blobs blebs bless blest,3.503854239663631e-05
dicer,dynes,dicer dices duces dunes dynes,3.503854239663631e-05
domes,hates,domes dames hames hazes hates,3.503854239663631e-05
gasps,waspy,gasps hasps rasps wasps waspy,3.503854239663631e-05
float,cleat,float gloat bloat bleat cleat,3.503854239663631e-05
clout,bleat,clout flout float bloat bleat,3.503854239663631e-05
gummy,rummy,gummy mummy dummy yummy rummy,3.503854239663631e-05
hoist,feist,hoist joist moist foist feist,3.503854239663631e-05
riper,copes,riper roper coper coped copes,3.503854239663631e-05
gated,bared,gated fated faxed fared bared,3.503854239663631e-05
hasty,caste,hasty pasty paste baste caste,3.503854239663631e-05
piled,ailed,piled wiled riled tiled ailed,3.503854239663631e-05
jingo,dings,jingo lingo dingo dingy dings,3.503854239663631e-05
gaunt,jaunt,gaunt daunt taunt vaunt jaunt,3.503854239663631e-05
desks,dicky,desks dusks dusky ducky dicky,3.503854239663631e-05
weeds,deeds,weeds weeps veeps deeps deeds,3.503854239663631e-05
flute,flake,flute fluke fluky flaky flake,3.503854239663631e-05
mummy,gummy,mummy dummy rummy yummy gummy,3.503854239663631e-05
smear,sheaf,smear spear swear shear sheaf,3.503854239663631e-05
sedgy,sedge,sedgy wedgy wedge ledge sedge,3.503854239663631e-05
gipsy,dippy,gipsy tipsy tippy zippy dippy,3.503854239663631e-05
doozy,corky,doozy boozy booky cooky corky,3.503854239663631e-05
bower,mover,bower sower dower mower mover,0.0
oiler,dined,oiler oiled wiled wined dined,0.0
loopy,dippy,loopy loppy lippy tippy dippy,0.0
rials,dells,rials vials dials dills dells,0.0
dicot,doest,dicot didot didst diest doest,0.0
bathe,livre,bathe lathe lithe litre livre,0.0
bents,canto,bents vents cents cants canto,0.0
puffs,buffs,puffs ruffs duffs huffs buffs,0.0
fumes,dazed,fumes fumed fuzed fazed dazed,0.0
pansy,tongs,pansy tansy tangy tangs tongs,0.0
plugs,chump,plugs plums plump clump chump,0.0
plumy,chump,plumy plumb plump clump chump,0.0
miser,wisps,miser wiser wised wises wisps,0.0
softy,lefty,softy softs lofts lefts lefty,0.0
toons,loopy,toons coons loons loony loopy,0.0
hunts,gunks,hunts bunts punts punks gunks,0.0
duces,disks,duces ducts dusts dusks disks,0.0
coves,cawed,coves coxes coxed cowed cawed,0.0
maser,bower,maser baser barer borer bower,0.0
swish,slosh,swish shish shush slush slosh,0.0
kerfs,herby,kerfs kerbs verbs herbs herby,0.0
carob,capos,carob carom caron capon capos,0.0
buffa,cuffs,buffa buffs duffs puffs cuffs,0.0
moths,latus,moths maths raths laths latus,0.0
waxen,waxer,waxen waken waker wader waxer,0.0
grody,goofy,grody goody goopy gooky goofy,0.0
fanny,tunny,fanny finny ginny gunny tunny,0.0
sucks,barks,sucks sacks lacks larks barks,0.0
pukes,cubic,pukes pubes pubis pubic cubic,0.0
tardy,turfs,tardy turdy turds turps turfs,0.0
liter,doter,liter titer niter noter doter,0.0
soggy,buggy,soggy doggy boggy baggy buggy,0.0
dirks,mocks,dirks dicks docks bocks mocks,0.0
hocks,goofs,hocks hooks hoods hoofs goofs,0.0
tippy,sappy,tippy lippy nippy nappy sappy,0.0
stags,slays,stags swags snags slags slays,0.0
waifs,jails,waifs wails pails vails jails,0.0
hewer,sexed,hewer hexer hexed vexed sexed,0.0
gulls,sulky,gulls hulls hulks sulks sulky,0.0
snaps,shays,snaps snags shags shads shays,0.0
routs,pouts,routs gouts touts louts pouts,0.0
wilts,girth,wilts silts gilts girts girth,0.0
leeks,weedy,leeks reeks reeky reedy weedy,0.0
bunks,binds,bunks bungs bunds bends binds,0.0
barer,saner,barer carer cager caner saner,0.0
pyres,wands,pyres pares pards wards wands,0.0
mucus,sicks,mucus mucks micks dicks sicks,0.0
fryer,paten,fryer pryer payer pater paten,0.0
flaps,claps,flaps flays clays clams claps,0.0
easts,gapes,easts eases vases vapes gapes,0.0
shays,snugs,shays shags slags slugs snugs,0.0
tongs,mango,tongs tangs tangy tango mango,0.0
solos,colas,solos polos bolos bolas colas,0.0
gooky,holer,gooky hooky hooey holey holer,0.0
bigly,bulky,bigly biggy buggy bulgy bulky,0.0
rumps,humpy,rumps humps humpf humph humpy,0.0
pappy,lippy,pappy nappy zappy zippy lippy,0.0
colds,muses,colds molds moles mules muses,0.0
porch,cooch,porch pooch hooch mooch cooch,0.0
gusts,musky,gusts gusty musty mussy musky,0.0
washy,cushy,washy dashy mashy mushy cushy,0.0
hasps,warts,hasps harps carps carts warts,0.0
wrier,dryer,wrier drier frier fryer dryer,0.0
wirer,adder,wirer direr airer aider adder,0.0
carts,wirer,carts warts wares wires wirer,0.0
buffs,toffs,buffs ruffs duffs doffs toffs,0.0
biter,bores,biter bider bides bodes bores,0.0
cordy,colas,cordy cords coeds colds colas,0.0
luxes,ruses,luxes muxes mules muses ruses,0.0
ditty,kitty,ditty dotty totty titty kitty,0.0
chins,slims,chins chits shits shims slims,0.0
gutty,ratty,gutty putty nutty rutty ratty,0.0
ovate,crate,ovate orate prate irate crate,0.0
prowl,plops,prowl prows prods props plops,0.0
dazes,laves,dazes mazes lazes lames laves,0.0
dinky,pinky,dinky dinks pinks pinko pinky,0.0
lawzy,dawns,lawzy lawny lawns pawns dawns,0.0
balds,bandy,balds baldy baddy bawdy bandy,0.0
canes,cooed,canes caner caned coned cooed,0.0
buddy,middy,buddy baddy biddy giddy middy,0.0
fuses,fazed,fuses fusee fused fuzed fazed,0.0
budge,singe,budge bulge bilge binge singe,0.0
conks,hocks,conks bonks zonks honks hocks,0.0
drips,frier,drips dries drier brier frier,0.0
mulct,filth,mulct mulch milch filch filth,0.0
hunky,pinky,hunky gunky junky punky pinky,0.0
jambs,tamps,jambs iambs lambs lamps tamps,0.0
canoe,capes,canoe canon capon capos capes,0.0
hawed,baled,hawed hazed hayed haled baled,0.0
frier,wrier,frier drier dryer wryer wrier,0.0
quipu,quals,quipu quips quids quads quals,0.0
ginny,fenny,ginny tinny ninny finny fenny,0.0
chick,whits,chick chink chins chits whits,0.0
zonks,ducks,zonks honks hocks docks ducks,0.0
shags,snobs,shags snags snugs snubs snobs,0.0
gimps,waspy,gimps gimpy wimpy wispy waspy,0.0
serum,scrip,serum strum scrum scrim scrip,0.0
mossy,hosed,mossy mosey nosey nosed hosed,0.0
baits,jails,baits bails pails tails jails,0.0
goody,zooey,goody goosy gooey hooey zooey,0.0
pokey,sakes,pokey pokes cokes cakes sakes,0.0
hilar,oiler,hilar filar filer viler oiler,0.0
scats,spars,scats spats spays spans spars,0.0
forts,wonks,forts foots fonts wonts wonks,0.0
saxes,taxer,saxes faxes faxed taxed taxer,0.0
funks,ducky,funks fucks mucks mucky ducky,0.0
coset,revet,coset covet civet rivet revet,0.0
roils,foils,roils toils soils coils foils,0.0
soyas,comas,soyas sofas sodas somas comas,0.0
gofer,loper,gofer goner toner loner loper,0.0
buggy,bilks,buggy bulgy bulky bulks bilks,0.0
doggo,boggy,doggo doggy loggy soggy boggy,0.0
selfs,turds,selfs serfs surfs surds turds,0.0
jiffy,buffs,jiffy jiffs tiffs biffs buffs,0.0
proms,brigs,proms prims pries prigs brigs,0.0
homed,nosed,homed domed doted dosed nosed,0.0
aches,ached,aches acmes acnes acned ached,0.0
lawny,fawns,lawny tawny yawny fawny fawns,0.0
gnaws,toads,gnaws gnats goats goads toads,0.0
mitts,dieth,mitts mints dints diets dieth,0.0
reeky,leers,reeky reeks geeks leeks leers,0.0
daubs,bries,daubs drubs dribs dries bries,0.0
pater,laxer,pater tater tamer taxer laxer,0.0
prods,brows,prods proms profs prows brows,0.0
dinks,porks,dinks dirks dorks forks porks,0.0
dicey,dirks,dicey dicky dicks disks dirks,0.0
crits,fries,crits cribs dribs dries fries,0.0
lacks,musks,lacks lucks lurks murks musks,0.0
prest,creme,prest crest crept crepe creme,0.0
rasps,harks,rasps wasps hasps harps harks,0.0
slots,flops,slots sloes aloes floes flops,0.0
lazes,gages,lazes mazes dazes gazes gages,0.0
hazer,pawed,hazer hazel hazed hawed pawed,0.0
viper,miler,viper viler oiler tiler miler,0.0
plyer,freer,plyer flyer foyer fryer freer,0.0
dewey,rewed,dewey dewed sewed mewed rewed,0.0
pints,kinks,pints mints minis minks kinks,0.0
whews,thews,whews whens thens thees thews,0.0
jowls,coifs,jowls yowls cowls coils coifs,0.0
oaten,panes,oaten paten paren pares panes,0.0
huffs,miffs,huffs puffs buffs biffs miffs,0.0
lauds,barms,lauds bauds balds bards barms,0.0
skimp,slits,skimp skims skits snits slits,0.0
junky,hunky,junky junks gunks gunky hunky,0.0
dinar,rarer,dinar diner direr darer rarer,0.0
bossa,passe,bossa fossa fosse posse passe,0.0
slobs,boons,slobs globs blobs boobs boons,0.0
mashy,wasps,mashy dashy washy waspy wasps,0.0
fusee,musos,fusee fused mused muses musos,0.0
yawed,paled,yawed hawed sawed pawed paled,0.0
hexed,caped,hexed hewed hawed cawed caped,0.0
snarl,stare,snarl snark snarf snare stare,0.0
silty,silts,silty lilty kilty kilts silts,0.0
comer,cored,comer coper coder corer cored,0.0
holey,pokes,holey hooey hokey pokey pokes,0.0
yokes,lopes,yokes pokes poxes loxes lopes,0.0
cubic,cubes,cubic pubic pubis pubes cubes,0.0
diner,vaned,diner miner mined maned vaned,0.0
spuds,snobs,spuds studs stubs snubs snobs,0.0
razer,razed,razer razes dazes dazed razed,0.0
scorn,afore,scorn acorn adorn adore afore,0.0
mucky,sucks,mucky ducky ducks mucks sucks,0.0
fussy,pushy,fussy mussy mushy bushy pushy,0.0
quips,quais,quips quids quads quays quais,0.0
retry,reply,retry refry refly redly reply,0.0
lisps,wimps,lisps wisps wispy wimpy wimps,0.0
gappy,nappy,gappy zappy sappy pappy nappy,0.0
sinks,rinks,sinks dinks oinks finks rinks,0.0
homey,hover,homey hokey holey holer hover,0.0
goony,goody,goony goofy goosy goopy goody,0.0
mumps,lumps,mumps dumps sumps rumps lumps,0.0
arses,lases,arses asses esses eases lases,0.0
whips,comps,whips whops chops coops comps,0.0
rutty,batty,rutty nutty natty ratty batty,0.0
dimes,miler,dimes dimer timer mimer miler,0.0
shyer,cager,shyer sayer saner caner cager,0.0
humps,hemps,humps humph humpy hempy hemps,0.0
hoppy,lippy,hoppy hippy tippy zippy lippy,0.0
pryer,drier,pryer fryer wryer dryer drier,0.0
zetas,maths,zetas betas beths baths maths,0.0
tails,wails,tails jails pails sails wails,0.0
sated,rater,sated mated mater dater rater,0.0
lotsa,gutty,lotsa lotta gotta gutta gutty,0.0
gazes,lames,gazes lazes lades laves lames,0.0
whoso,whump,whoso whooo whoop whomp whump,0.0
shady,slags,shady shads shahs shags slags,0.0
wowed,moped,wowed lowed lobed loped moped,0.0
giddy,baddy,giddy middy biddy buddy baddy,0.0
knobs,snobs,knobs knops knots snots snobs,0.0
goofy,hokey,goofy goony gooey hooey hokey,0.0
jiffs,boffs,jiffs jiffy biffy biffs boffs,0.0
quays,quips,quays quals quads quids quips,0.0
pager,drier,pager payer pryer dryer drier,0.0
limey,linen,limey limen liken liven linen,0.0
lures,curer,lures lured lurer surer curer,0.0
mothy,raths,mothy moths maths baths raths,0.0
blobs,scows,blobs slobs slops scops scows,0.0
hurls,dally,hurls hulls dulls dully dally,0.0
taped,wager,taped taxed waxed waxer wager,0.0
frats,brays,frats frays trays prays brays,0.0
greps,drays,greps preps preys prays drays,0.0
socko,mocks,socko sicko sicks micks mocks,0.0
bulgy,bilgy,bulgy buggy baggy biggy bilgy,0.0
baser,dater,baser maser mater eater dater,0.0
tunny,junky,tunny runny gunny gunky junky,0.0
pocky,corky,pocky porky forky dorky corky,0.0
saber,raker,saber saner sawer rawer raker,0.0
miter,lites,miter niter biter liter lites,0.0
